Review #,Framework,Variety,Style,Country,Stars,Top Ten
200,Nongshim,Bowl Noodle Spicy Chicken,Bowl,USA,4.5,
199,Samyang,Chinese Soybean Paste,Pack,South Korea,2,
198,Shirakiku,Sanukiya Somen,Bowl,Japan,4.25,
197,Rhee Bros Assi,Rice Noodle With Spicy Flavored Soup,Tray,South Korea,2.25,
196,Nissin,Cup Noodles Pani Puri,Cup,India,1.5,
195,Myojo,Chukazanmai Served Cool Sesame Flavored Rice Vinegar Sesame,Pack,Japan,3,
194,Saigon Ve Wong,Kung Fu Instant Rice Noodles Artificial Chicken,Pack,Vietnam,3.5,
193,Boss,Shrimp Tom Yum Flavor,Bowl,Thailand,2.5,
192,Paldo,Soy Flavor Noodle,Pack,South Korea,4.25,
191,Wu Mu,Steamed Noodle Chinese Herbs,Pack,Taiwan,3.25,
190,Maggi,Perencah Tom Yam,Pack,Malaysia,2.9,
189,Nissin,Cup Noodles Manchurian,Cup,India,3,
188,Nongshim,Udon,Pack,South Korea,4,
187,Paldo,Hwa Ramyun Soy Peptide,Pack,South Korea,4,
186,Paldo,Teumsae Ramyun,Pack,South Korea,3.5,
185,Shirakiku,Sanukiya Udon,Bowl,Japan,3.75,
184,Myojo,Chukazanmai Soy Sauce,Pack,Japan,3.75,
183,Nissin,Bowl Noodles Hot & Spicy Chicken,Bowl,USA,2,
182,Myojo,Chukazanmai Soy Sauce chili Oil,Pack,Japan,3.25,
181,Kamfen,Noodle King Thin Wonton,Pack,China,2,
180,Myojo,Hyobanya No Yakisoba Sauce Flavor,Tray,Japan,4.75,
179,Mama,Kimchi,Pack,Thailand,3,
178,Mama,Oriental Style Clear Soup,Pack,Thailand,2,
177,Vifon,Hu Tieu Bo Kho An Lien Beef,Pack,Vietnam,3.75,
176,Paldo,Dosirac Pork,Tray,South Korea,4.125,
175,Samyang,Cold Ramen With Ponytail Radish,Pack,South Korea,3,
174,Lucky Me!,Sotanghon Artificial Chicken,Pack,Philippines,0.25,
173,Unif / Tung-I,Instant Bean Vermicelli Shrimp,Pack,Taiwan,1.5,
172,Mama,Flat Noodle Tom Yum,Pack,Thailand,3.75,
171,Samyang,Japanese Seafood Flavor Udon,Pack,South Korea,3.75,
170,Myojo,Chukazanmai Soybean Paste,Pack,Japan,3.5,
169,Samyang,Seafood Party,Pack,South Korea,2.25,
168,JFC,Japanese Style Noodle Fresh Udon,Bowl,Japan,3.75,
167,Wai Wai,Crab Instant Rice Vermicelli,Pack,Thailand,2.5,
166,Koyo,Garlic Pepper,Pack,USA,3.25,
165,Doll,Sesame Oil,Pack,Hong Kong,3.5,
164,Unif / Tung-I,Artificial Beef Flavor,Pack,Taiwan,3.75,
163,Vifon,Asian Style Instant Noodles Chicken,Pack,Vietnam,3.5,
162,Myojo,Chukazanmai Oriental,Pack,Japan,3.75,
161,Paldo,Green Tea Chlorella,Pack,South Korea,0,
160,Myojo,Ramen Desse Soy Sauce,Bowl,Japan,1.5,
159,Mama,Hot & Spicy,Pack,Thailand,1.75,
158,Mama,Jok Cup Porridge Artificial Pork,Cup,Thailand,2.5,
157,Nissin,Sotanghon,Cup,Philippines,2,
156,Maruchan,Instant Lunch Cajun Style With chili Piquin Shrimp,Cup,USA,3,
155,Lucky Me!,Pancit Canton,Pack,Philippines,4.75,
154,Nissin,Creamy Chicken,Cup,USA,1.75,
153,Sapporo Ichiban,Shrimp Flavor,Cup,USA,1.75,
152,Wu Mu,Steamed Noodle Garlic & Sesame Oil,Pack,Taiwan,4.5,
151,Shirakiku,Japanese Style Tokusen Miso,Pack,Japan,3,
150,Chorip Dong,Jjambbong Hot Spicy Seafood,Bowl,South Korea,4.25,
149,Maruchan,Akai Kitsune Udon,Bowl,Japan,4,
148,Myojo,Okinawa Soba,Pack,Japan,3.75,
147,Higashi,Nagasaki Sara Udon,Pack,Japan,5,
146,Mama,Pho Bo,Pack,Thailand,2.5,
145,Sakurai,Vegetarian Flavor,Pack,Japan,3.5,
144,Nongshim,Kimchi Ramyun,Pack,South Korea,3.5,
143,Mama,Mamy Chand Clear Soup,Pack,Thailand,2.75,
142,Nissin,Chow Mein Teriyaki Beef,Tray,USA,4.5,
141,Six Fortune,Seafood Flavor,Pack,South Korea,2.5,
140,Mama,Mi Goreng,Pack,Thailand,5,
139,Kamfen,Noodle King Beef,Pack,China,1.75,
138,Unif,100 Furong Shrimp,,Taiwan,3,
137,Nissin,Bowl Noodles Rich & Savory Chicken,Bowl,USA,1.75,
136,Mama,Shrimp Creamy Tom Yum,Pack,Thailand,5,
135,Unif / Tung-I,Fresh Shrimp,Pack,Taiwan,3.25,
134,Global Inspiration,Gyeong-Gi-Do Rice,Bowl,South Korea,2.25,
133,Baijia,Hot & Sour Rice Noodle,Pack,China,0,
132,Ve Wong,Artificial Peppered Beef,Pack,Taiwan,3.5,
131,Unif,100 Artificial Shallot Chicken,Pack,Taiwan,3.25,
130,Sapporo Ichiban,Miso Soybean Paste,Pack,Japan,3.5,
129,Nongshim,Mupama Tang Myun,Pack,South Korea,3.5,
128,Mama,Artificial PA-LO Duck,Pack,Thailand,0.1,
127,Vifon,Mi Chay Vegetarian,Pack,Vietnam,2.8,
126,Mama,Tom Yam Koong Rice Vermicelli,Pack,Thailand,1.5,
125,Shirakiku,Japanese Style Tokusen Karami,Pack,Japan,3,
124,Nissin,Yakisoba With Mayonnaise/Mustard Packet,Tray,Japan,5,
123,Wai Wai,Minced Pork Soeng Kreung,Pack,Thailand,3.7,
122,Doll,Shrimp Wonton,Pack,Hong Kong,4,
121,Ottogi,Bekse Curry,Pack,South Korea,4,
120,Samyang,Beef,Pack,South Korea,4,
119,Ve Wong,Artificial Pork & Chicken,Pack,Taiwan,3.4,
118,Paldo,Bibim Men,Pack,South Korea,3.75,
117,Ottogi,Ramyonsari,Pack,South Korea,4,
116,Mama,Nam Vang,Pack,Thailand,3.6,
115,Ottogi,Miso Ramyun,Pack,South Korea,2.8,
114,Samyang,Kimchi,Pack,South Korea,2.9,
113,Nongshim,Hooroorook ,Pack,South Korea,4,
112,Ottogi,Jiajang Noodle,Pack,South Korea,3.75,
111,Ottogi,Odongtongmyon Seafood Spicy,Pack,South Korea,3.25,
110,Lucky Me!,Artificial Chicken,Pack,Philippines,1.5,
109,Mama,Pad Thai,Pack,Thailand,3.1,
108,Teriyaki Time,Ramen,Bowl,USA,2,
107,Ottogi,Pow Crunch Teriyaki,Pack,South Korea,1.1,
106,GreeNoodle,Tom Yum,Pack,Thailand,0.5,
105,Indomie,Special Fried Curly Noodle,Pack,Indonesia,5,2012 #1
104,Maruchan,Ramen Noodle Soup Chicken,Pack,USA,2,
103,Ve Wong,Vegetarian Flavor,Pack,Taiwan,3,
102,Indomie,Soto Mie,Pack,Indonesia,1.5,
101,Ve Wong,Artificial Sesame Chicken,Pack,Taiwan,4.25,
100,Unif / Tung-I,Artificial Chinese Beef,Pack,Taiwan,2.85,
99,Ve Wong,Kung Fu Artificial Onion,Pack,Taiwan,2.75,
98,Unif / Tung-I,Chah Chiang,Pack,Taiwan,2.5,
97,Saigon Ve Wong,Kung Fu Mi Tom Chua Sour Shrimp,Pack,Vietnam,2.5,
96,Saigon Ve Wong,Kung Fu Artificial Pork Flavor,Pack,Vietnam,3.75,
95,Wei Lih,Artificial Beef Flavor,Pack,Taiwan,1,
94,Mama,Artificial Chicken,Pack,Thailand,2.5,
93,Payless,Xtra Big Original Pancit Canton,Pack,Philippines,4.5,
92,Fashion Food,Tom Yum Seafood Creamy,Bowl,Thailand,2,
91,Binh Tay,Mi Chay Mushroom,Pack,Vietnam,2.75,
90,Long Kow,Crystal Noodle Six Kinds Of Mushrooms,Pack,China,2.3,
89,Unif,100 Artificial Stewed Pork Chop,Pack,Taiwan,3.2,
88,Paldo,South Korean Noodle Chicken,Pack,South Korea,3.25,
87,Wai Wai,Tom Yum Shrimp Cream Soup,Pack,Thailand,2.75,
86,Unif / Tung-I,Onion Flavor,Pack,Taiwan,3.65,
85,Nissin,Demae Ramen Sesame,Pack,Japan,3.75,
84,Samyang,Kalgug-Su Assorted Clam,Pack,South Korea,1.8,
83,Nissin,Demae Ramen Spicy Flavor,Pack,Japan,2,
82,Nissin,Demae Ramen Miso,Pack,Japan,2.75,
81,Unif / Tung-I,Artificial Spicy Beef,Pack,Taiwan,3.5,
80,Unif / Tung-I,Artificial Chicken,Pack,Taiwan,3.5,
79,Sapporo Ichiban,Kitsune Udon,Pack,Japan,3.25,
78,Nissin,Demae Ramen Seafood,Pack,Japan,2.5,
77,Nissin,Demae Ramen Prawn,Pack,Japan,3.25,
76,Indomie,Meatball Flavor,Pack,Indonesia,2.5,
75,Indomie,Mi Goreng Rendang,Pack,Indonesia,4.5,
74,Nissin,Demae Ramen Shoyu,Pack,Japan,4,
73,Nissin,Demae Ramen Five Spices Artificial Beef,Pack,Japan,3.5,
72,Nissin,Demae Ramen Tonkatsu Artificial Pork,Pack,Japan,3.5,
71,Nissin,Demae Ramen Satay,Pack,Japan,2.5,
70,Nissin,Demae Ramen XO Sauce Seafood,Pack,Japan,4,
69,Baijia,Spicy Fei- Chang Sweet Potato Noodle,Pack,China,1.75,
68,Wei Lih,Jah Jan Mien Instant Noodle With Fried Soybean Paste,Pack,Taiwan,4,
67,Maruchan,Ramen Noodle Soup Lime Chili Shrimp,Pack,USA,2,
66,Maruchan,Ramen Noodle Soup Pork,Pack,USA,4,
65,Nissin,Top Ramen Oriental,Pack,USA,2.5,
64,Sapporo Ichiban,Chicken Flavor,Pack,USA,3.5,
63,Nissin,Souper Meal Chicken Flavor With Vegetable Medley,Bowl,Japan,3,
62,Maggi,Rice Noodle Mania Lemon Masala,Pack,India,1.5,
61,Maggi,2 Minute Noodles Curry,Pack,India,2.5,
60,Maggi,Vegetable Atta Noodles Masala,Pack,India,2,
59,Maggi,Chinese Noodles Lemon Chicken Flavor,Pack,India,3.5,
58,Ve Wong,A-One Bun Tom Shrimp,Pack,Taiwan,3,
57,Doll,Instant Fried Noodles With Chili Sauce,Tray,Hong Kong,3,
56,Doll,Instant Noodles With Sesame Oil & Soup Base,Pack,Hong Kong,1,
55,Hua Feng Noodle Expert,Favoury Pork Flavor,Pack,China,1,
54,Hua Feng Noodle Expert,Spicy Seafood Flavor,Pack,China,3,
53,Indomie,Chicken,Cup,Indonesia,2,
52,Indomie,Chicken Curry,Pack,Indonesia,4,
51,Indomie,Curly Noodles With Grilled Chicken,Pack,Indonesia,5,
50,Indomie,Mi Goreng,Pack,Indonesia,5,
49,Indomie,Mi Goreng Pedas Hot,Pack,Indonesia,4.5,
48,Indomie,Shrimp Flavor,Pack,Indonesia,3,
47,Indomie,Mi Goreng Jumbo Barbecue Chicken,Pack,Indonesia,5,2012 #2
46,Indomie,Mi Goreng Jumbo Meatball,Pack,Indonesia,3,
45,Indomie,Mi Goreng Sate,Pack,Indonesia,5,"
"
44,Indomie,Special Chicken,Pack,Indonesia,4.25,
43,Kim Ve Wong,Jaopai Series: Vegetarian Instant Noodles,Bowl,Taiwan,0,
42,Ve Wong,Kung-Fu Chicken Flavor,Pack,Vietnam,2.75,
41,Little Cook,Pork Mustard Stem,Bowl,Thailand,0.5,
40,Lucky Me!,Pancit Canton Chili Mansi,Pack,Philippines,3,
39,Lucky Me!,Supreme Bulalo Flavor,Bowl,Philippines,3,
38,Lucky Me!,Pancit Canton Citrus Flavor,Pack,Philippines,3,
37,Lucky Me!,Pancit Canton Hot Chili Flavor,Pack,Philippines,3,
36,Lucky Me!,Itnok,Pack,Philippines,3,
35,Mama,Chand Clear Soup,Pack,Thailand,3,
34,Maruchan,Ramen Noodle Soup Shrimp,Pack,USA,2,
33,Koka,Mi Hai Tom Prawn,Pack,Singapore,3.75,
32,Koka,Mi Hai Cua Crab Flavor,Pack,Singapore,3.5,
31,Myojo,Ippeichan Yakisoba,Tray,Japan,4,2013 #6
30,Myojo,Special Duck,Pack,Japan,1,
29,Mee Jang,Tom Yum Shrimp,Bowl,Thailand,3.5,
28,Nissin,Chikin Ramen,Pack,Japan,5,
27,Nissin,Demae Ramen Curry Flavor,Pack,Japan,4,
26,Nissin,Soba Noodles With Mayo Mustard Squirt,Pack,Japan,4,
25,Nissin,Demae Ramen Spicy Flavor,Pack,Japan,3,
24,Nissin,Demae Ramen Spicy Seafood With Chili Pepper,Pack,Japan,2,
23,Nissin,Top Ramen Creamy Chicken,Pack,USA,4.5,
22,Nongshim,Ansungtangmyun Noodle Soup,Pack,South Korea,3.75,
21,Nongshim,Champong Oriental Noodles,Pack,South Korea,4,
20,Nongshim,Neoguri (Seafood'n'Spicy),Pack,South Korea,3.5,
19,Nongshim,Shin Ramyun,Pack,South Korea,4,
18,Ottogi,Jin Ramen (Hot Taste),Pack,South Korea,3.5,
17,Quickchow,Pancit Palabok,Pack,Philippines,2.5,
16,Samyang,Kalgug-Su (Spicy),Pack,South Korea,3.5,
15,Samyang,Pojangmacha U-dong,Pack,South Korea,2.5,
14,Samyang,Hot,Pack,South Korea,3.5,
13,Sapporo Ichiban,Chow Mein,Pack,Japan,5,2012 #4
12,Sapporo Ichiban,Shrimp Flavor,Pack,Japan,2.5,
11,Six Fortune,Chicken Flavor Instant Soup Noodle,Pack,South Korea,2,
10,Smack,Vegetable Beef,Pack,USA,1.5,
9,Sutah,Cup Noodle,Cup,South Korea,2,
8,Tung-I,Chinese Beef Instant Rice Noodle,Pack,Taiwan,3,
7,Ve Wong,Mushroom Pork,Pack,Vietnam,1,
6,Vifon,Nam Vang,Pack,Vietnam,2.5,
5,Vifon,"Hu Tiu Nam Vang [""Phnom Penh"" style] Asian Style InstantÂ RiceÂ Noodles",Bowl,Vietnam,3.5,
4,Wai Wai,Oriental Style Instant Noodles,Pack,Thailand,1,
3,Wai Wai,Tom Yum Shrimp,Pack,Thailand,2,
2,Wai Wai,Tom Yum Chili Flavor,Pack,Thailand,2,
1,Westbrae,Miso Ramen,Pack,USA,0.5,